type,Book Name,Book Price,Availability
Travel,It's Only the Himalayas,£45.17,In stock
Travel,Full Moon over Noah’s ...,£49.43,In stock
Travel,See America: A Celebration ...,£48.87,In stock
Travel,Vagabonding: An Uncommon Guide ...,£36.94,In stock
Travel,Under the Tuscan Sun,£37.33,In stock
Travel,A Summer In Europe,£44.34,In stock
Travel,The Great Railway Bazaar,£30.54,In stock
Travel,A Year in Provence ...,£56.88,In stock
Travel,The Road to Little ...,£23.21,In stock
Travel,Neither Here nor There: ...,£38.95,In stock
Travel,"1,000 Places to See ...",£26.08,In stock
Mystery,Sharp Objects,£47.82,In stock
Mystery,"In a Dark, Dark ...",£19.63,In stock
Mystery,The Past Never Ends,£56.50,In stock
Mystery,A Murder in Time,£16.64,In stock
Mystery,The Murder of Roger ...,£44.10,In stock
Mystery,The Last Mile (Amos ...,£54.21,In stock
Mystery,That Darkness (Gardiner and ...,£13.92,In stock
Mystery,Tastes Like Fear (DI ...,£10.69,In stock
Mystery,A Time of Torment ...,£48.35,In stock
Mystery,A Study in Scarlet ...,£16.73,In stock
Mystery,Poisonous (Max Revere Novels ...,£26.80,In stock
Mystery,Murder at the 42nd ...,£54.36,In stock
Mystery,Most Wanted,£35.28,In stock
Mystery,Hide Away (Eve Duncan ...,£11.84,In stock
Mystery,Boar Island (Anna Pigeon ...,£59.48,In stock
Mystery,The Widow,£27.26,In stock
Mystery,Playing with Fire,£13.71,In stock
Mystery,What Happened on Beale ...,£25.37,In stock
Mystery,The Bachelor Girl's Guide ...,£52.30,In stock
Mystery,Delivering the Truth (Quaker ...,£20.89,In stock
Mystery,The Mysterious Affair at ...,£24.80,In stock
Mystery,In the Woods (Dublin ...,£38.38,In stock
Mystery,The Silkworm (Cormoran Strike ...,£23.05,In stock
Mystery,The Exiled,£43.45,In stock
Mystery,The Cuckoo's Calling (Cormoran ...,£19.21,In stock
Mystery,Extreme Prey (Lucas Davenport ...,£25.40,In stock
Mystery,Career of Evil (Cormoran ...,£24.72,In stock
Mystery,The No. 1 Ladies' ...,£57.70,In stock
Mystery,The Girl You Lost,£12.29,In stock
Mystery,The Girl In The ...,£15.85,In stock
Mystery,Blood Defense (Samantha Brinkman ...,£20.30,In stock
Mystery,1st to Die (Women's ...,£53.98,In stock
Historical Fiction,Tipping the Velvet,£53.74,In stock
Historical Fiction,Forever and Forever: The ...,£29.69,In stock
Historical Fiction,A Flight of Arrows ...,£55.53,In stock
Historical Fiction,The House by the ...,£36.95,In stock
Historical Fiction,Mrs. Houdini,£30.25,In stock
Historical Fiction,The Marriage of Opposites,£28.08,In stock
Historical Fiction,Glory over Everything: Beyond ...,£45.84,In stock
Historical Fiction,"Love, Lies and Spies",£20.55,In stock
Historical Fiction,A Paris Apartment,£39.01,In stock
Historical Fiction,Lilac Girls,£17.28,In stock
Historical Fiction,The Constant Princess (The ...,£16.62,In stock
Historical Fiction,The Invention of Wings,£37.34,In stock
Historical Fiction,World Without End (The ...,£32.97,In stock
Historical Fiction,The Passion of Dolssa,£28.32,In stock
Historical Fiction,Girl With a Pearl ...,£26.77,In stock
Historical Fiction,Voyager (Outlander #3),£21.07,In stock
Historical Fiction,The Red Tent,£35.66,In stock
Historical Fiction,The Last Painting of ...,£55.55,In stock
Historical Fiction,The Guernsey Literary and ...,£49.53,In stock
Historical Fiction,Girl in the Blue ...,£46.83,In stock
Historical Fiction,Between Shades of Gray,£20.79,In stock
Historical Fiction,While You Were Mine,£41.32,In stock
Historical Fiction,The Secret Healer,£34.56,In stock
Historical Fiction,Starlark,£25.83,In stock
Historical Fiction,Lost Among the Living,£27.70,In stock
Historical Fiction,A Spy's Devotion (The ...,£16.97,In stock
Sequential Art,Scott Pilgrim's Precious Little ...,£52.29,In stock
Sequential Art,Tsubasa: WoRLD CHRoNiCLE 2 ...,£16.28,In stock
Sequential Art,This One Summer,£19.49,In stock
Sequential Art,The Nameless City (The ...,£38.16,In stock
Sequential Art,"Saga, Volume 5 (Saga ...",£51.04,In stock
Sequential Art,"Rat Queens, Vol. 3: ...",£50.40,In stock
Sequential Art,"Princess Jellyfish 2-in-1 Omnibus, ...",£13.61,In stock
Sequential Art,"Pop Gun War, Volume ...",£18.97,In stock
Sequential Art,Patience,£10.16,In stock
Sequential Art,"Outcast, Vol. 1: A ...",£15.44,In stock
Sequential Art,orange: The Complete Collection ...,£48.41,In stock
Sequential Art,"Lumberjanes, Vol. 2: Friendship ...",£46.91,In stock
Sequential Art,"Lumberjanes, Vol. 1: Beware ...",£45.61,In stock
Sequential Art,Lumberjanes Vol. 3: A ...,£19.92,In stock
Sequential Art,"I Hate Fairyland, Vol. ...",£29.17,In stock
Sequential Art,I am a Hero ...,£54.63,In stock
Sequential Art,"Giant Days, Vol. 2 ...",£22.11,In stock
Sequential Art,Danganronpa Volume 1,£51.99,In stock
Sequential Art,"Codename Baboushka, Volume 1: ...",£36.72,In stock
Sequential Art,Camp Midnight,£17.08,In stock
Sequential Art,"Bitch Planet, Vol. 1: ...",£37.92,In stock
Sequential Art,The Shadow Hero (The ...,£33.14,In stock
Sequential Art,"Fables, Vol. 1: Legends ...",£41.62,In stock
Sequential Art,Batman: The Long Halloween ...,£36.50,In stock
Sequential Art,Batman: The Dark Knight ...,£15.38,In stock
Sequential Art,"Wonder Woman: Earth One, ...",£37.34,In stock
Sequential Art,"We Are Robin, Vol. ...",£53.90,In stock
Sequential Art,Through the Woods,£25.38,In stock
Sequential Art,Superman Vol. 1: Before ...,£11.89,In stock
Sequential Art,"So Cute It Hurts!!, ...",£35.43,In stock
Sequential Art,Robin War,£47.82,In stock
Sequential Art,"Red Hood/Arsenal, Vol. 1: ...",£25.48,In stock
Sequential Art,"Naruto (3-in-1 Edition), Vol. ...",£38.39,In stock
Sequential Art,Lowriders to the Center ...,£51.51,In stock
Sequential Art,El Deafo,£57.62,In stock
Sequential Art,Batman: Europa,£32.01,In stock
Sequential Art,Art Ops Vol. 1,£48.80,In stock
Sequential Art,Adulthood Is a Myth: ...,£10.90,In stock
Sequential Art,"Fruits Basket, Vol. 9 ...",£33.95,In stock
Sequential Art,Roller Girl,£14.10,In stock
Sequential Art,"Fruits Basket, Vol. 7 ...",£19.57,In stock
Sequential Art,"Fruits Basket, Vol. 6 ...",£20.96,In stock
Sequential Art,"Death Note, Vol. 6: ...",£36.39,In stock
Sequential Art,"Fruits Basket, Vol. 5 ...",£16.33,In stock
Sequential Art,"Death Note, Vol. 5: ...",£52.41,In stock
Sequential Art,The Demon Prince of ...,£27.88,In stock
Sequential Art,"Fruits Basket, Vol. 4 ...",£50.44,In stock
Sequential Art,The Wicked + The ...,£14.41,In stock
Sequential Art,"The Sandman, Vol. 3: ...",£55.55,In stock
Sequential Art,"Saga, Volume 3 (Saga ...",£21.57,In stock
Sequential Art,Prodigy: The Graphic Novel ...,£43.63,In stock
Sequential Art,Persepolis: The Story of ...,£39.13,In stock
Sequential Art,Original Fake,£31.45,In stock
Sequential Art,"Grayson, Vol 3: Nemesis ...",£42.72,In stock
Sequential Art,"Fruits Basket, Vol. 3 ...",£45.17,In stock
Sequential Art,"Black Butler, Vol. 1 ...",£49.31,In stock
Sequential Art,Awkward,£38.02,In stock
Sequential Art,"The Sandman, Vol. 2: ...",£54.81,In stock
Sequential Art,"Saga, Volume 2 (Saga ...",£11.75,In stock
Sequential Art,"Fruits Basket, Vol. 2 ...",£11.64,In stock
Sequential Art,"Y: The Last Man, ...",£18.51,In stock
Sequential Art,The Wicked + The ...,£36.52,In stock
Sequential Art,"The Sandman, Vol. 1: ...",£54.12,In stock
Sequential Art,The Complete Maus (Maus ...,£10.64,In stock
Sequential Art,"Skip Beat!, Vol. 01 ...",£42.12,In stock
Sequential Art,"Saga, Volume 1 (Saga ...",£28.48,In stock
Sequential Art,"Rat Queens, Vol. 1: ...",£46.96,In stock
Sequential Art,"Paper Girls, Vol. 1 ...",£21.71,In stock
Sequential Art,Ouran High School Host ...,£29.87,In stock
Sequential Art,"Ms. Marvel, Vol. 1: ...",£39.39,In stock
Sequential Art,"Hawkeye, Vol. 1: My ...",£45.24,In stock
Sequential Art,"Giant Days, Vol. 1 ...",£56.76,In stock
Sequential Art,"Fruits Basket, Vol. 1 ...",£40.28,In stock
Sequential Art,"Bleach, Vol. 1: Strawberry ...",£34.65,In stock
Sequential Art,"Ajin: Demi-Human, Volume 1 ...",£57.06,In stock
Classics,The Secret Garden,£15.08,In stock
Classics,The Metamorphosis,£28.58,In stock
Classics,The Pilgrim's Progress,£50.26,In stock
Classics,The Hound of the ...,£14.82,In stock
Classics,Little Women (Little Women ...,£28.07,In stock
Classics,Gone with the Wind,£32.49,In stock
Classics,Candide,£58.63,In stock
Classics,Animal Farm,£57.22,In stock
Classics,Wuthering Heights,£17.73,In stock
Classics,The Picture of Dorian ...,£29.70,In stock
Classics,The Complete Stories and ...,£26.78,In stock
Classics,Beowulf,£38.35,In stock
Classics,And Then There Were ...,£35.01,In stock
Classics,The Story of Hong ...,£43.19,In stock
Classics,The Little Prince,£45.42,In stock
Classics,Sense and Sensibility,£37.46,In stock
Classics,Of Mice and Men,£47.11,In stock
Classics,Emma,£32.93,In stock
Classics,Alice in Wonderland (Alice's ...,£55.53,In stock
Philosophy,Sophie's World,£15.94,In stock
Philosophy,The Death of Humanity: ...,£58.11,In stock
Philosophy,The Stranger,£17.44,In stock
Philosophy,Proofs of God: Classical ...,£54.21,In stock
Philosophy,Kierkegaard: A Christian Missionary ...,£47.13,In stock
Philosophy,At The Existentialist Café: ...,£29.93,In stock
Philosophy,Critique of Pure Reason,£20.75,In stock
Philosophy,"Run, Spot, Run: The ...",£20.02,In stock
Philosophy,The Nicomachean Ethics,£36.34,In stock
Philosophy,Meditations,£25.89,In stock
Philosophy,Beyond Good and Evil,£43.38,In stock
Romance,Chase Me (Paris Nights ...,£25.27,In stock
Romance,Black Dust,£34.53,In stock
Romance,Her Backup Boyfriend (The ...,£33.97,In stock
Romance,First and First (Five ...,£15.97,In stock
Romance,Fifty Shades Darker (Fifty ...,£21.96,In stock
Romance,The Wedding Dress,£24.12,In stock
Romance,Suddenly in Love (Lake ...,£55.99,In stock
Romance,Something More Than This,£16.24,In stock
Romance,Doing It Over (Most ...,£35.61,In stock
Romance,The Wedding Pact (The ...,£32.61,In stock
Romance,Hold Your Breath (Search ...,£28.82,In stock
Romance,Dirty (Dive Bar #1),£40.83,In stock
Romance,Take Me Home Tonight ...,£53.98,In stock
Romance,Off the Hook (Fishing ...,£47.67,In stock
Romance,A Gentleman's Position (Society ...,£14.75,In stock
Romance,"Sit, Stay, Love",£20.90,In stock
Romance,A Girl's Guide to ...,£31.30,In stock
Romance,The Perfect Play (Play ...,£59.99,In stock
Romance,Dark Lover (Black Dagger ...,£12.87,In stock
Romance,Changing the Game (Play ...,£13.38,In stock
Romance,A Walk to Remember,£56.43,In stock
Romance,The Purest Hook (Second ...,£12.25,In stock
Romance,The Obsession,£45.43,In stock
Romance,Reservations for Two,£11.10,In stock
Romance,Best of My Love ...,£27.41,In stock
Romance,Where Lightning Strikes (Bleeding ...,£39.77,In stock
Romance,This One Moment (Pushing ...,£48.71,In stock
Romance,"Rhythm, Chord & Malykhin",£28.34,In stock
Romance,My Perfect Mistake (Over ...,£38.92,In stock
Romance,Listen to Me (Fusion ...,£58.99,In stock
Romance,Imperfect Harmony,£34.74,In stock
Romance,Fighting Fate (Fighting #6),£39.24,In stock
Romance,Deep Under (Walker Security ...,£47.09,In stock
Romance,Charity's Cross (Charles Towne ...,£41.24,In stock
Romance,Bounty (Colorado Mountain #7),£37.26,In stock
Womens Fiction,I Had a Nice ...,£57.36,In stock
Womens Fiction,Will You Won't You ...,£13.86,In stock
Womens Fiction,Keep Me Posted,£20.46,In stock
Womens Fiction,Grey (Fifty Shades #4),£48.49,In stock
Womens Fiction,Meternity,£43.58,In stock
Womens Fiction,Some Women,£13.73,In stock
Womens Fiction,Shopaholic Ties the Knot ...,£48.39,In stock
Womens Fiction,Can You Keep a ...,£21.94,In stock
Womens Fiction,Twenties Girl,£42.80,In stock
Womens Fiction,The Undomestic Goddess,£45.75,In stock
Womens Fiction,The Nanny Diaries (Nanny ...,£52.53,In stock
Womens Fiction,The Devil Wears Prada ...,£44.29,In stock
Womens Fiction,Something Borrowed (Darcy & ...,£48.96,In stock
Womens Fiction,Something Blue (Darcy & ...,£54.62,In stock
Womens Fiction,I've Got Your Number,£19.69,In stock
Womens Fiction,The Edge of Reason ...,£19.18,In stock
Womens Fiction,Bridget Jones's Diary (Bridget ...,£29.82,In stock
Fiction,Soumission,£50.10,In stock
Fiction,Private Paris (Private #10),£47.61,In stock
Fiction,"We Love You, Charlie ...",£50.27,In stock
Fiction,Thirst,£17.27,In stock
Fiction,The Murder That Never ...,£54.11,In stock
Fiction,Tuesday Nights in 1980,£21.04,In stock
Fiction,The Vacationers,£42.15,In stock
Fiction,The Regional Office Is ...,£51.36,In stock
Fiction,Finders Keepers (Bill Hodges ...,£53.53,In stock
Fiction,The Time Keeper,£27.88,In stock
Fiction,The Testament of Mary,£52.67,In stock
Fiction,The First Hostage (J.B. ...,£25.85,In stock
Fiction,Take Me with You,£45.21,In stock
Fiction,Still Life with Bread ...,£26.41,In stock
Fiction,Shtum,£55.84,In stock
Fiction,My Name Is Lucy ...,£41.56,In stock
Fiction,My Mrs. Brown,£24.48,In stock
Fiction,Mr. Mercedes (Bill Hodges ...,£28.90,In stock
Fiction,I Am Pilgrim (Pilgrim ...,£10.60,In stock
Fiction,Eligible (The Austen Project ...,£27.09,In stock
Fiction,Eight Hundred Grapes,£14.39,In stock
Fiction,Dear Mr. Knightley,£11.21,In stock
Fiction,Cometh the Hour (The ...,£25.01,In stock
Fiction,Balloon Animals,£17.03,In stock
Fiction,A Man Called Ove,£39.72,In stock
Fiction,The Silent Sister (Riley ...,£46.29,In stock
Fiction,The Dinner Party,£56.54,In stock
Fiction,The Improbability of Love,£59.45,In stock
Fiction,Mothering Sunday,£13.34,In stock
Fiction,Lies and Other Acts ...,£45.14,In stock
Fiction,Daredevils,£16.34,In stock
Fiction,11/22/63,£48.48,In stock
Fiction,The Shack,£28.03,In stock
Fiction,The High Mountains of ...,£51.15,In stock
Fiction,Miller's Valley,£58.54,In stock
Fiction,Hystopia: A Novel,£21.96,In stock
Fiction,The Bourne Identity (Jason ...,£42.78,In stock
Fiction,Sister Dear,£40.20,In stock
Fiction,Memoirs of a Geisha,£49.67,In stock
Fiction,Me Before You (Me ...,£19.02,In stock
Fiction,Deception Point,£40.32,In stock
Fiction,The Little Paris Bookshop,£24.73,In stock
Fiction,The Firm,£45.56,In stock
Fiction,The Expatriates,£44.58,In stock
Fiction,Siddhartha,£34.22,In stock
Fiction,Last One Home (New ...,£59.98,In stock
Fiction,Digital Fortress,£58.00,In stock
Fiction,Atlas Shrugged,£26.58,In stock
Fiction,Three-Martini Lunch,£23.21,In stock
Fiction,The Nightingale,£26.26,In stock
Fiction,The Infinities,£27.41,In stock
Fiction,The Husband's Secret,£52.51,In stock
Fiction,The Da Vinci Code ...,£22.96,In stock
Fiction,The Art of Fielding,£22.10,In stock
Fiction,Lila (Gilead #3),£12.47,In stock
Fiction,Jurassic Park (Jurassic Park ...,£44.97,In stock
Fiction,Inferno (Robert Langdon #4),£41.00,In stock
Fiction,Crazy Rich Asians (Crazy ...,£49.13,In stock
Fiction,Big Little Lies,£22.11,In stock
Fiction,The Course of Love,£16.78,In stock
Fiction,When I'm Gone,£51.96,In stock
Fiction,The Silent Wife,£12.34,In stock
Fiction,The Bette Davis Club,£30.66,In stock
Fiction,Kitchens of the Great ...,£57.20,In stock
Fiction,Bright Lines,£39.07,In stock
Childrens,Birdsong: A Story in ...,£54.64,In stock
Childrens,The Bear and the ...,£36.89,In stock
Childrens,The Secret of Dreadwillow ...,£56.13,In stock
Childrens,The White Cat and ...,£58.08,In stock
Childrens,Little Red,£13.47,In stock
Childrens,Walt Disney's Alice in ...,£12.96,In stock
Childrens,Twenty Yawns,£22.08,In stock
Childrens,Rain Fish,£23.57,In stock
Childrens,Once Was a Time,£18.28,In stock
Childrens,Luis Paints the World,£53.95,In stock
Childrens,Nap-a-Roo,£25.08,In stock
Childrens,The Whale,£35.96,In stock
Childrens,"Shrunken Treasures: Literary Classics, ...",£52.87,In stock
Childrens,Raymie Nightingale,£34.41,In stock
Childrens,Playing from the Heart,£32.38,In stock
Childrens,Maybe Something Beautiful: How ...,£22.54,In stock
Childrens,The Wild Robot,£56.07,In stock
Childrens,The Thing About Jellyfish,£48.77,In stock
Childrens,The Lonely Ones,£43.59,In stock
Childrens,The Day the Crayons ...,£26.33,In stock
Childrens,The Cat in the ...,£16.26,In stock
Childrens,Red: The True Story ...,£28.54,In stock
Childrens,Horrible Bear!,£37.52,In stock
Childrens,Green Eggs and Ham ...,£10.79,In stock
Childrens,Counting Thyme,£10.62,In stock
Childrens,Are We There Yet?,£10.66,In stock
Childrens,Diary of a Minecraft ...,£52.88,In stock
Childrens,Matilda,£28.34,In stock
Childrens,Charlie and the Chocolate ...,£22.85,In stock
Religion,Don't Be a Jerk: ...,£37.97,In stock
Religion,You Are What You ...,£21.87,In stock
Religion,God: The Most Unpleasant ...,£30.03,In stock
Religion,The Book of Mormon,£24.57,In stock
Religion,A History of God: ...,£27.62,In stock
Religion,The Bhagavad Gita,£57.49,In stock
Religion,Choosing Our Religion: The ...,£28.42,In stock
Nonfiction,Worlds Elsewhere: Journeys Around ...,£40.30,In stock
Nonfiction,The Five Love Languages: ...,£31.05,In stock
Nonfiction,Reasons to Stay Alive,£26.41,In stock
Nonfiction,#HigherSelfie: Wake Up Your ...,£23.11,In stock
Nonfiction,Unseen City: The Majesty ...,£44.18,In stock
Nonfiction,Throwing Rocks at the ...,£31.12,In stock
Nonfiction,The Life-Changing Magic of ...,£16.77,In stock
Nonfiction,The Gutsy Girl: Escapades ...,£37.13,In stock
Nonfiction,The Electric Pencil: Drawings ...,£56.06,In stock
Nonfiction,Spark Joy: An Illustrated ...,£41.83,In stock
Nonfiction,Reskilling America: Learning to ...,£19.83,In stock
Nonfiction,In the Country We ...,£22.00,In stock
Nonfiction,Everydata: The Misinformation Hidden ...,£54.35,In stock
Nonfiction,Call the Nurse: True ...,£29.14,In stock
Nonfiction,Algorithms to Live By: ...,£30.81,In stock
Nonfiction,The Power of Now: ...,£43.54,In stock
Nonfiction,The Omnivore's Dilemma: A ...,£38.21,In stock
Nonfiction,The Genius of Birds,£17.24,In stock
Nonfiction,The Artist's Way: A ...,£38.49,In stock
Nonfiction,So You've Been Publicly ...,£12.23,In stock
Nonfiction,Daring Greatly: How the ...,£19.43,In stock
Nonfiction,Big Magic: Creative Living ...,£30.80,In stock
Nonfiction,Becoming Wise: An Inquiry ...,£27.43,In stock
Nonfiction,Agnostic: A Spirited Manifesto,£12.51,In stock
Nonfiction,Whole Lotta Creativity Going ...,£38.20,In stock
Nonfiction,What's It Like in ...,£19.60,In stock
Nonfiction,The Year of Magical ...,£43.04,In stock
Nonfiction,The Literature Book (Big ...,£17.43,In stock
Nonfiction,The Bad-Ass Librarians of ...,£15.77,In stock
Nonfiction,Swell: A Year of ...,£45.58,In stock
Nonfiction,No Dream Is Too ...,£21.95,In stock
Nonfiction,Looking for Lovely: Collecting ...,£29.14,In stock
Nonfiction,Let It Out: A ...,£26.79,In stock
Nonfiction,Hamilton: The Revolution,£58.79,In stock
Nonfiction,Far & Away: Places ...,£15.06,In stock
Nonfiction,Eaternity: More than 150 ...,£51.75,In stock
Nonfiction,Buying In: The Secret ...,£37.80,In stock
Nonfiction,Brain on Fire: My ...,£49.32,In stock
Nonfiction,Abstract City,£56.37,In stock
Nonfiction,13 Hours: The Inside ...,£27.06,In stock
Nonfiction,The Lonely City: Adventures ...,£33.26,In stock
Nonfiction,The Diary of a ...,£59.90,In stock
Nonfiction,Snatched: How A Drug ...,£21.21,In stock
Nonfiction,Furiously Happy: A Funny ...,£41.46,In stock
Nonfiction,The Sleep Revolution: Transforming ...,£11.68,In stock
Nonfiction,"Mother, Can You Not?",£16.89,In stock
Nonfiction,A Mother's Reckoning: Living ...,£19.53,In stock
Nonfiction,10% Happier: How I ...,£24.57,In stock
Nonfiction,Chernobyl 01:23:40: The Incredible ...,£35.92,In stock
Nonfiction,Zero to One: Notes ...,£34.06,In stock
Nonfiction,Why Not Me?,£17.76,In stock
Nonfiction,When Breath Becomes Air,£39.36,In stock
Nonfiction,"The Midnight Assassin: Panic, ...",£28.45,In stock
Nonfiction,Smarter Faster Better: The ...,£38.89,In stock
Nonfiction,Rising Strong,£21.82,In stock
Nonfiction,Man's Search for Meaning,£29.48,In stock
Nonfiction,Love That Boy: What ...,£25.06,In stock
Nonfiction,Living Forward: A Proven ...,£12.55,In stock
Nonfiction,I Will Find You,£44.21,In stock
Nonfiction,Brazen: The Courage to ...,£19.22,In stock
Nonfiction,Between the World and ...,£56.91,In stock
Nonfiction,Being Mortal: Medicine and ...,£55.06,In stock
Nonfiction,A Murder Over a ...,£13.20,In stock
Nonfiction,For the Love: Fighting ...,£45.13,In stock
Nonfiction,Finding God in the ...,£46.64,In stock
Nonfiction,The Man Who Mistook ...,£59.45,In stock
Nonfiction,In Cold Blood,£49.98,In stock
Nonfiction,"Girl, Interrupted",£42.14,In stock
Nonfiction,Why Save the Bankers?: ...,£48.67,In stock
Nonfiction,Talking to Girls About ...,£25.15,In stock
Nonfiction,My Mother Was Nuts,£31.63,In stock
Nonfiction,"Data, A Love Story: ...",£32.35,In stock
Nonfiction,The Jazz of Physics: ...,£38.71,In stock
Nonfiction,The Gunning of America: ...,£16.81,In stock
Nonfiction,The Geography of Bliss: ...,£28.23,In stock
Nonfiction,God Is Not Great: ...,£27.80,In stock
Nonfiction,We the People: The ...,£31.95,In stock
Nonfiction,Very Good Lives: The ...,£50.66,In stock
Nonfiction,"Unstuffed: Decluttering Your Home, ...",£58.09,In stock
Nonfiction,Under the Banner of ...,£30.00,In stock
Nonfiction,Trespassing Across America: One ...,£53.51,In stock
Nonfiction,The Name of God ...,£37.25,In stock
Nonfiction,Stiff: The Curious Lives ...,£36.74,In stock
Nonfiction,Spilled Milk: Based on ...,£49.51,In stock
Nonfiction,Rise of the Rocket ...,£41.67,In stock
Nonfiction,Outliers: The Story of ...,£14.16,In stock
Nonfiction,Notes from a Small ...,£40.17,In stock
Nonfiction,Night (The Night Trilogy ...,£13.51,In stock
Nonfiction,Miracles from Heaven: A ...,£57.83,In stock
Nonfiction,Letter to a Christian ...,£22.20,In stock
Nonfiction,Let's Pretend This Never ...,£45.11,In stock
Nonfiction,It's Never Too Late ...,£42.38,In stock
Nonfiction,Into the Wild,£56.70,In stock
Nonfiction,In the Garden of ...,£28.85,In stock
Nonfiction,I Am Malala: The ...,£28.88,In stock
Nonfiction,Gratitude,£26.66,In stock
Nonfiction,Disrupted: My Misadventure in ...,£15.28,In stock
Nonfiction,Brave Enough,£51.32,In stock
Nonfiction,Born to Run: A ...,£27.35,In stock
Nonfiction,Blink: The Power of ...,£21.74,In stock
Nonfiction,Black Flags: The Rise ...,£40.87,In stock
Nonfiction,Are We Smart Enough ...,£56.58,In stock
Nonfiction,A Walk in the ...,£30.48,In stock
Nonfiction,The Suffragettes (Little Black ...,£11.89,In stock
Nonfiction,Kindle Paperwhite User's Guide,£34.00,In stock
Nonfiction,H is for Hawk,£57.42,In stock
Nonfiction,Travels with Charley: In ...,£57.82,In stock
Nonfiction,The Tumor,£41.56,In stock
Nonfiction,The End of the ...,£14.40,In stock
Nonfiction,"Eat, Pray, Love",£51.32,In stock
Music,Rip it Up and ...,£35.02,In stock
Music,Our Band Could Be ...,£57.25,In stock
Music,How Music Works,£37.32,In stock
Music,Love Is a Mix ...,£18.03,In stock
Music,Please Kill Me: The ...,£31.19,In stock
Music,Kill 'Em and Leave: ...,£45.05,In stock
Music,"Chronicles, Vol. 1",£52.60,In stock
Music,This Is Your Brain ...,£38.40,In stock
Music,Orchestra of Exiles: The ...,£12.36,In stock
Music,No One Here Gets ...,£20.02,In stock
Music,Life,£31.58,In stock
Music,Old Records Never Die: ...,£55.66,In stock
Music,Forever Rockers (The Rocker ...,£28.80,In stock
Default,The Coming Woman: A ...,£17.93,In stock
Default,The Boys in the ...,£22.60,In stock
Default,Starving Hearts (Triangular Trade ...,£13.99,In stock
Default,America's Cradle of Quarterbacks: ...,£22.50,In stock
Default,Aladdin and His Wonderful ...,£53.13,In stock
Default,Penny Maybe,£33.29,In stock
Default,Maude (1883-1993):She Grew Up ...,£18.02,In stock
Default,The Inefficiency Assassin: Time ...,£20.59,In stock
Default,Soul Reader,£39.58,In stock
Default,Bossypants,£49.46,In stock
Default,A World of Flavor: ...,£42.95,In stock
Default,"A Piece of Sky, ...",£56.76,In stock
Default,Tracing Numbers on a ...,£41.60,In stock
Default,Thirteen Reasons Why,£52.72,In stock
Default,The Secret (The Secret ...,£27.37,In stock
Default,The Psychopath Test: A ...,£36.00,In stock
Default,The Kite Runner,£41.82,In stock
Default,The Girl on the ...,£55.02,In stock
Default,The Emerald Mystery,£23.15,In stock
Default,The Bridge to Consciousness: ...,£32.00,In stock
Default,The Art of War,£33.34,In stock
Default,Secrets and Lace (Fatal ...,£20.27,In stock
Default,Romero and Juliet: A ...,£36.94,In stock
Default,Poses for Artists Volume ...,£41.06,In stock
Default,Miss Peregrine’s Home for ...,£10.76,In stock
Default,Large Print Heart of ...,£19.15,In stock
Default,Grumbles,£22.16,In stock
Default,First Steps for New ...,£29.00,In stock
Default,Eureka Trivia 6.0,£54.59,In stock
Default,Drive: The Surprising Truth ...,£34.95,In stock
Default,Done Rubbed Out (Reightman ...,£37.72,In stock
Default,Beauty Restored (Riley Family ...,£11.11,In stock
Default,Ayumi's Violin,£15.48,In stock
Default,Anonymous,£46.82,In stock
Default,Amy Meets the Saints ...,£18.46,In stock
Default,Amatus,£50.54,In stock
Default,V for Vendetta (V ...,£37.10,In stock
Default,Unbroken: A World War ...,£45.95,In stock
Default,The Wright Brothers,£56.80,In stock
Default,The Songs of the ...,£44.48,In stock
Default,The Rosie Project (Don ...,£54.04,In stock
Default,The Power of Habit: ...,£16.88,In stock
Default,Steve Jobs,£39.50,In stock
Default,Luckiest Girl Alive,£49.83,In stock
Default,Living Leadership by Insight: ...,£46.91,In stock
Default,Lady Midnight (The Dark ...,£16.28,In stock
Default,"Hush, Hush (Hush, Hush ...",£47.02,In stock
Default,Greek Mythic History,£10.23,In stock
Default,Every Last Word,£46.47,In stock
Default,Daily Fantasy Sports,£36.58,In stock
Default,Clockwork Angel (The Infernal ...,£44.14,In stock
Default,City of Fallen Angels ...,£11.23,In stock
Default,City of Bones (The ...,£43.28,In stock
Default,City of Ashes (The ...,£47.27,In stock
Default,"Carry On, Warrior: Thoughts ...",£31.85,In stock
Default,Carrie,£46.23,In stock
Default,Angels & Demons (Robert ...,£51.48,In stock
Default,"The Three Searches, Meaning, ...",£13.33,In stock
Default,Raspberry Pi Electronics Projects ...,£49.67,In stock
Default,How to Speak Golf: ...,£58.32,In stock
Default,Eleanor & Park,£56.51,In stock
Default,Troublemaker: Surviving Hollywood and ...,£48.39,In stock
Default,Adultery,£20.88,In stock
Default,Unlimited Intuition Now,£58.87,In stock
Default,Underlying Notes,£11.82,In stock
Default,The New Brand You: ...,£44.05,In stock
Default,The Flowers Lied,£16.68,In stock
Default,NaNo What Now? Finding ...,£10.41,In stock
Default,Modern Day Fables,£47.44,In stock
Default,The Unlikely Pilgrimage of ...,£43.62,In stock
Default,The Martian (The Martian ...,£41.39,In stock
Default,Left Behind (Left Behind ...,£40.72,In stock
Default,John Vassos: Industrial Design ...,£20.22,In stock
Default,I'll Give You the ...,£56.48,In stock
Default,Heaven is for Real: ...,£52.86,In stock
Default,Ender's Game (The Ender ...,£43.64,In stock
Default,Death by Leisure: A ...,£37.51,In stock
Default,Wildlife of New York: ...,£22.14,In stock
Default,The Year of Living ...,£34.72,In stock
Default,The Great Gatsby,£36.05,In stock
Default,The Good Girl,£49.03,In stock
Default,The 7 Habits of ...,£33.17,In stock
Default,Steal Like an Artist: ...,£20.90,In stock
Default,Life of Pi,£13.22,In stock
Default,The Sound Of Love,£57.84,In stock
Default,The Perks of Being ...,£55.02,In stock
Default,The Makings of a ...,£31.58,In stock
Default,The Hobbit (Middle-Earth Universe),£17.80,In stock
Default,The Fellowship of the ...,£10.27,In stock
Default,Ship Leaves Harbor: Essays ...,£30.60,In stock
Default,Musicophilia: Tales of Music ...,£46.58,In stock
Default,What If?: Serious Scientific ...,£53.68,In stock
Default,The Fault in Our ...,£47.22,In stock
Default,The Dream Thieves (The ...,£34.50,In stock
Default,The 5th Wave (The ...,£11.83,In stock
Default,Shiver (The Wolves of ...,£16.23,In stock
Default,Remember Me?,£11.48,In stock
Default,If I Stay (If ...,£38.13,In stock
Default,I Know Why the ...,£36.55,In stock
Default,Harry Potter and the ...,£23.32,In stock
Default,Fool Me Once,£16.96,In stock
Default,Drama,£38.70,In stock
Default,"Blue Lily, Lily Blue ...",£34.13,In stock
Default,Alight (The Generations Trilogy ...,£58.59,In stock
Default,Vogue Colors A to ...,£52.35,In stock
Default,The Shining (The Shining ...,£27.88,In stock
Default,The Hunger Games (The ...,£29.85,In stock
Default,Outlander (Outlander #1),£19.67,In stock
Default,Mockingjay (The Hunger Games ...,£20.44,In stock
Default,Harry Potter and the ...,£13.90,In stock
Default,Confessions of a Shopaholic ...,£48.94,In stock
Default,Zero History (Blue Ant ...,£34.77,In stock
Default,World War Z: An ...,£21.80,In stock
Default,Wild: From Lost to ...,£46.02,In stock
Default,"Where'd You Go, Bernadette",£18.13,In stock
Default,Twilight (Twilight #1),£41.93,In stock
Default,The Paris Wife,£36.80,In stock
Default,The Maze Runner (The ...,£20.93,In stock
Default,The Lover's Dictionary,£58.09,In stock
Default,The Goldfinch,£43.58,In stock
Default,The Giver (The Giver ...,£12.30,In stock
Default,The Girl Who Played ...,£22.14,In stock
Default,The Demon-Haunted World: Science ...,£52.25,In stock
Default,The Book Thief,£53.49,In stock
Default,The Autobiography of Malcolm ...,£23.43,In stock
Default,Shopaholic & Baby (Shopaholic ...,£46.45,In stock
Default,Quiet: The Power of ...,£43.55,In stock
Default,Packing for Mars: The ...,£56.68,In stock
Default,Orange Is the New ...,£24.61,In stock
Default,One for the Money ...,£32.87,In stock
Default,Morning Star (Red Rising ...,£29.40,In stock
Default,Life After Life,£26.13,In stock
Default,"Lean In: Women, Work, ...",£25.02,In stock
Default,Is Everyone Hanging Out ...,£20.11,In stock
Default,Gone Girl,£37.60,In stock
Default,Fellside,£38.62,In stock
Default,Eclipse (Twilight #3),£18.74,In stock
Default,Dracula,£52.62,In stock
Default,Dead Wake: The Last ...,£39.24,In stock
Default,"David and Goliath: Underdogs, ...",£17.81,In stock
Default,Dark Places,£23.90,In stock
Default,Breaking Dawn (Twilight #4),£35.28,In stock
Default,Beautiful Creatures (Caster Chronicles ...,£21.55,In stock
Default,A Visit from the ...,£14.08,In stock
Default,The Zombie Room,£19.69,In stock
Default,The Name of the ...,£50.59,In stock
Default,Taking Shots (Assassins #1),£18.88,In stock
Default,Shatter Me (Shatter Me ...,£42.40,In stock
Default,Paradise Lost (Paradise #1),£24.96,In stock
Default,On the Road (Duluoz ...,£32.36,In stock
Default,Jane Eyre,£38.43,In stock
Default,Frankenstein,£38.00,In stock
Science Fiction,Mesaerion: The Best Science ...,£37.59,In stock
Science Fiction,Join,£35.67,In stock
Science Fiction,William Shakespeare's Star Wars: ...,£43.30,In stock
Science Fiction,The Project,£10.65,In stock
Science Fiction,Soft Apocalypse,£26.12,In stock
Science Fiction,Sleeping Giants (Themis Files ...,£48.74,In stock
Science Fiction,Arena,£21.36,In stock
Science Fiction,Foundation (Foundation (Publication Order) ...,£32.42,In stock
Science Fiction,The Restaurant at the ...,£10.92,In stock
Science Fiction,Ready Player One,£19.07,In stock
Science Fiction,"Life, the Universe and ...",£33.26,In stock
Science Fiction,Dune (Dune #1),£54.86,In stock
Science Fiction,Do Androids Dream of ...,£51.48,In stock
Science Fiction,Three Wishes (River of ...,£44.18,In stock
Science Fiction,The Last Girl (The ...,£36.26,In stock
Science Fiction,Having the Barbarian's Baby ...,£34.96,In stock
Sports and Games,The Book of Basketball: ...,£44.84,In stock
Sports and Games,Friday Night Lights: A ...,£51.22,In stock
Sports and Games,Sugar Rush (Offensive Line ...,£24.42,In stock
Sports and Games,Settling the Score (The ...,£44.91,In stock
Sports and Games,Icing (Aces Hockey #2),£40.44,In stock
Add a comment,The Torch Is Passed: ...,£19.09,In stock
Add a comment,The Mindfulness and Acceptance ...,£23.89,In stock
Add a comment,The Art Forger,£40.76,In stock
Add a comment,On a Midnight Clear,£14.07,In stock
Add a comment,Judo: Seven Steps to ...,£53.90,In stock
Add a comment,"Shobu Samurai, Project Aryoku ...",£29.06,In stock
Add a comment,Modern Romance,£28.26,In stock
Add a comment,The White Queen (The ...,£25.91,In stock
Add a comment,The Song of Achilles,£37.40,In stock
Add a comment,The Immortal Life of ...,£40.67,In stock
Add a comment,The Dovekeepers,£48.78,In stock
Add a comment,More Than Music (Chasing ...,£37.61,In stock
Add a comment,Code Name Verity (Code ...,£22.13,In stock
Add a comment,Cell,£20.29,In stock
Add a comment,Angels Walking (Angels Walking ...,£34.20,In stock
Add a comment,A Series of Catastrophes ...,£56.48,In stock
Add a comment,A People's History of ...,£40.79,In stock
Add a comment,A Brush of Wings ...,£55.51,In stock
Add a comment,Rook,£37.86,In stock
Add a comment,The Midnight Watch: A ...,£26.20,In stock
Add a comment,The Gray Rhino: How ...,£59.15,In stock
Add a comment,The Children,£11.88,In stock
Add a comment,One with You (Crossfire ...,£15.71,In stock
Add a comment,Without Shame,£48.27,In stock
Add a comment,Watchmen,£58.05,In stock
Add a comment,A Hero's Curse (The ...,£50.49,In stock
Add a comment,23 Degrees South: A ...,£35.79,In stock
Add a comment,The Glass Castle,£16.24,In stock
Add a comment,The Drowning Girls,£35.67,In stock
Add a comment,Team of Rivals: The ...,£20.12,In stock
Add a comment,John Adams,£57.43,In stock
Add a comment,Good in Bed (Cannie ...,£37.05,In stock
Add a comment,The Joy of Cooking,£43.27,In stock
Add a comment,The Golden Compass (His ...,£18.77,In stock
Add a comment,The God Delusion,£46.85,In stock
Add a comment,Pride and Prejudice,£19.27,In stock
Add a comment,Mere Christianity,£48.51,In stock
Add a comment,Fun Home: A Family ...,£56.59,In stock
Add a comment,The Raven King (The ...,£30.57,In stock
Add a comment,Find Her (Detective D.D. ...,£22.37,In stock
Add a comment,Evicted: Poverty and Profit ...,£42.27,In stock
Add a comment,A Game of Thrones ...,£46.42,In stock
Add a comment,A Clash of Kings ...,£10.79,In stock
Add a comment,The Tipping Point: How ...,£10.02,In stock
Add a comment,The Rest Is Noise: ...,£34.77,In stock
Add a comment,The Purpose Driven Life: ...,£37.19,In stock
Add a comment,The Hitchhiker's Guide to ...,£47.80,In stock
Add a comment,The Girl Who Kicked ...,£57.48,In stock
Add a comment,The End of Faith: ...,£22.13,In stock
Add a comment,The Complete Poems,£41.32,In stock
Add a comment,The Catcher in the ...,£24.55,In stock
Add a comment,The Case for Christ ...,£47.84,In stock
Add a comment,The Blind Side: Evolution ...,£53.71,In stock
Add a comment,Seven Days in the ...,£52.33,In stock
Add a comment,Sarah's Key,£46.29,In stock
Add a comment,Rogue Lawyer (Rogue Lawyer ...,£50.11,In stock
Add a comment,Manuscript Found in Accra,£34.98,In stock
Add a comment,Fire Bound (Sea Haven/Sisters ...,£21.28,In stock
Add a comment,Cosmos,£36.17,In stock
Add a comment,#GIRLBOSS,£50.96,In stock
Add a comment,The Sense of an ...,£31.38,In stock
Add a comment,The Republic,£33.78,In stock
Add a comment,The Odyssey,£29.64,In stock
Add a comment,The Light of the ...,£54.43,In stock
Add a comment,The Iliad,£16.16,In stock
Add a comment,The Communist Manifesto,£14.76,In stock
Add a comment,Lord of the Flies,£24.89,In stock
Fantasy,Unicorn Tracks,£18.78,In stock
Fantasy,"Saga, Volume 6 (Saga ...",£25.02,In stock
Fantasy,Princess Between Worlds (Wide-Awake ...,£13.34,In stock
Fantasy,Masks and Shadows,£56.40,In stock
Fantasy,Crown of Midnight (Throne ...,£43.29,In stock
Fantasy,Avatar: The Last Airbender: ...,£28.09,In stock
Fantasy,A Court of Thorns ...,£52.37,In stock
Fantasy,Throne of Glass (Throne ...,£35.07,In stock
Fantasy,The Glittering Court (The ...,£44.28,In stock
Fantasy,Hollow City (Miss Peregrine’s ...,£42.98,In stock
Fantasy,The Star-Touched Queen,£46.02,In stock
Fantasy,The Hidden Oracle (The ...,£52.26,In stock
Fantasy,The Bane Chronicles (The ...,£44.73,In stock
Fantasy,Island of Dragons (Unwanteds ...,£29.65,In stock
Fantasy,Demigods & Magicians: Percy ...,£37.51,In stock
Fantasy,City of Glass (The ...,£56.02,In stock
Fantasy,Searching for Meaning in ...,£38.73,In stock
Fantasy,The Star-Touched Queen,£32.30,In stock
Fantasy,A Shard of Ice ...,£56.63,In stock
Fantasy,King's Folly (The Kinsman ...,£39.61,In stock
Fantasy,Every Heart a Doorway ...,£12.16,In stock
Fantasy,A Gathering of Shadows ...,£44.81,In stock
Fantasy,The Raven Boys (The ...,£57.74,In stock
Fantasy,The False Prince (The ...,£56.00,In stock
Fantasy,Tell the Wind and ...,£45.51,In stock
Fantasy,A Feast for Crows ...,£17.21,In stock
Fantasy,The Demonists (Demonist #1),£52.11,In stock
Fantasy,The Beast (Black Dagger ...,£46.08,In stock
Fantasy,Paper and Fire (The ...,£49.45,In stock
Fantasy,Harry Potter and the ...,£31.63,In stock
Fantasy,Harry Potter and the ...,£48.75,In stock
Fantasy,Harry Potter and the ...,£14.74,In stock
Fantasy,The Rose & the ...,£58.64,In stock
Fantasy,Soldier (Talon #3),£24.72,In stock
Fantasy,Midnight Riot (Peter Grant/ ...,£55.46,In stock
Fantasy,Heir to the Sky,£44.07,In stock
Fantasy,Eragon (The Inheritance Cycle ...,£43.87,In stock
Fantasy,Darkfever (Fever #1),£56.02,In stock
Fantasy,Ash,£22.06,In stock
Fantasy,A Storm of Swords ...,£31.22,In stock
Fantasy,Vampire Girl (Vampire Girl ...,£53.82,In stock
Fantasy,The Silent Twin (Detective ...,£36.25,In stock
Fantasy,The Mirror & the ...,£29.38,In stock
Fantasy,Sister Sable (The Mad ...,£13.33,In stock
Fantasy,Shadow Rites (Jane Yellowrock ...,£21.72,In stock
Fantasy,Origins (Alphas 0.5),£28.99,In stock
Fantasy,One Second (Seven #7),£52.94,In stock
Fantasy,Myriad (Prentor #1),£58.75,In stock
New Adult,Without Borders (Wanderlove #1),£45.07,In stock
New Adult,The Mistake (Off-Campus #2),£43.29,In stock
New Adult,The Matchmaker's Playbook (Wingmen ...,£55.85,In stock
New Adult,The Hook Up (Game ...,£36.29,In stock
New Adult,Shameless,£58.35,In stock
New Adult,Off Sides (Off #1),£39.45,In stock
Young Adult,The Requiem Red,£22.65,In stock
Young Adult,Set Me Free,£17.46,In stock
Young Adult,The Natural History of ...,£45.22,In stock
Young Adult,Obsidian (Lux #1),£14.86,In stock
Young Adult,Burning,£28.81,In stock
Young Adult,A Fierce and Subtle ...,£28.13,In stock
Young Adult,Scarlett Epstein Hates It ...,£43.55,In stock
Young Adult,"Nightingale, Sing",£38.28,In stock
Young Adult,Library of Souls (Miss ...,£48.56,In stock
Young Adult,Frostbite (Vampire Academy #2),£29.99,In stock
Young Adult,Wild Swans,£14.36,In stock
Young Adult,Until Friday Night (The ...,£46.31,In stock
Young Adult,This Is Where It ...,£27.12,In stock
Young Adult,The Darkest Lie,£35.35,In stock
Young Adult,My Kind of Crazy,£40.36,In stock
Young Adult,Don't Get Caught,£55.35,In stock
Young Adult,Catching Jordan (Hundred Oaks),£50.83,In stock
Young Adult,Aristotle and Dante Discover ...,£58.14,In stock
Young Adult,The Epidemic (The Program ...,£14.44,In stock
Young Adult,Stars Above (The Lunar ...,£48.05,In stock
Young Adult,No Love Allowed (Dodge ...,£54.65,In stock
Young Adult,"Exit, Pursued by a ...",£51.34,In stock
Young Adult,The Alien Club,£54.40,In stock
Young Adult,Don't Forget Steven,£33.23,In stock
Young Adult,South of Sunshine,£28.93,In stock
Young Adult,My Life Next Door ...,£36.39,In stock
Young Adult,Future Shock (Future Shock ...,£55.65,In stock
Young Adult,Nightstruck: A Novel,£50.35,In stock
Young Adult,Tell the Wolves I'm ...,£50.96,In stock
Young Adult,"Will Grayson, Will Grayson ...",£47.31,In stock
Young Adult,Where She Went (If ...,£41.73,In stock
Young Adult,Two Summers,£14.64,In stock
Young Adult,The Darkest Corners,£11.33,In stock
Young Adult,Tell Me Three Things,£41.81,In stock
Young Adult,Lola and the Boy ...,£23.63,In stock
Young Adult,Kill the Boy Band,£15.52,In stock
Young Adult,Isla and the Happily ...,£48.13,In stock
Young Adult,An Abundance of Katherines,£10.00,In stock
Young Adult,Harry Potter and the ...,£24.17,In stock
Young Adult,Walk the Edge (Thunder ...,£32.36,In stock
Young Adult,Two Boys Kissing,£32.74,In stock
Young Adult,The New Guy (and ...,£44.92,In stock
Young Adult,"The Land of 10,000 ...",£29.64,In stock
Young Adult,Scarlet (The Lunar Chronicles ...,£14.57,In stock
Young Adult,Legend (Legend #1),£43.69,In stock
Young Adult,Lady Renegades (Rebel Belle ...,£53.04,In stock
Young Adult,Golden (Heart of Dread ...,£42.21,In stock
Young Adult,Cinder (The Lunar Chronicles ...,£26.09,In stock
Young Adult,Boy Meets Boy,£21.12,In stock
Young Adult,Annie on My Mind,£36.83,In stock
Young Adult,New Moon (Twilight #2),£12.86,In stock
Young Adult,Girl Online On Tour ...,£53.47,In stock
Young Adult,The Haters,£27.89,In stock
Young Adult,The Art of Not ...,£40.83,In stock
Science,The Most Perfect Thing: ...,£42.96,In stock
Science,Immunity: How Elie Metchnikoff ...,£57.36,In stock
Science,Sorting the Beef from ...,£44.74,In stock
Science,Tipping Point for Planet ...,£37.55,In stock
Science,The Fabric of the ...,£55.91,In stock
Science,Diary of a Citizen ...,£28.41,In stock
Science,The Origin of Species,£10.01,In stock
Science,The Grand Design,£13.76,In stock
Science,Peak: Secrets from the ...,£16.28,In stock
Science,"The Elegant Universe: Superstrings, ...",£13.03,In stock
Science,The Disappearing Spoon: And ...,£57.35,In stock
Science,"Surely You're Joking, Mr. ...",£25.83,In stock
Science,Seven Brief Lessons on ...,£30.60,In stock
Science,The Selfish Gene,£29.45,In stock
Poetry,A Light in the ...,£51.77,In stock
Poetry,The Black Maria,£52.15,In stock
Poetry,Shakespeare's Sonnets,£20.66,In stock
Poetry,Olio,£23.88,In stock
Poetry,You can't bury them ...,£33.63,In stock
Poetry,Slow States of Collapse: ...,£57.31,In stock
Poetry,Untitled Collection: Sabbath Poems ...,£14.27,In stock
Poetry,Poems That Make Grown ...,£14.19,In stock
Poetry,Night Sky with Exit ...,£41.05,In stock
Poetry,salt.,£46.78,In stock
Poetry,Quarter Life Poetry: Poems ...,£50.89,In stock
Poetry,Out of Print: City ...,£53.64,In stock
Poetry,Les Fleurs du Mal,£29.04,In stock
Poetry,Howl and Other Poems,£40.45,In stock
Poetry,Leave This Song Behind: ...,£51.17,In stock
Poetry,The Collected Poems of ...,£15.42,In stock
Poetry,The Crossover,£38.77,In stock
Poetry,Booked,£17.49,In stock
Poetry,Twenty Love Poems and ...,£30.95,In stock
Paranormal,"Vampire Knight, Vol. 1 ...",£15.40,In stock
Art,Wall and Piece,£44.18,In stock
Art,Feathers: Displays of Brilliant ...,£49.05,In stock
Art,Art and Fear: Observations ...,£48.63,In stock
Art,The New Drawing on ...,£43.02,In stock
Art,History of Beauty,£10.29,In stock
Art,The Story of Art,£41.14,In stock
Art,The Art Book,£32.34,In stock
Art,Ways of Seeing,£39.51,In stock
Psychology,The Lucifer Effect: Understanding ...,£10.40,In stock
Psychology,The Golden Condom: And ...,£39.43,In stock
Psychology,It Didn't Start with ...,£56.27,In stock
Psychology,An Unquiet Mind: A ...,£21.30,In stock
Psychology,"Thinking, Fast and Slow",£21.14,In stock
Psychology,Civilization and Its Discontents,£59.95,In stock
Psychology,8 Keys to Mental ...,£31.04,In stock
Autobiography,The Argonauts,£10.93,In stock
Autobiography,M Train,£27.18,In stock
Autobiography,Lab Girl,£40.85,In stock
Autobiography,Approval Junkie: Adventures in ...,£58.81,In stock
Autobiography,Running with Scissors,£12.91,In stock
Autobiography,Me Talk Pretty One ...,£57.60,In stock
Autobiography,Lust & Wonder,£11.87,In stock
Autobiography,Life Without a Recipe,£59.04,In stock
Autobiography,A Heartbreaking Work of ...,£54.29,In stock
Parenting,Catastrophic Happiness: Finding Joy ...,£37.35,In stock
Adult Fiction,Fifty Shades Freed (Fifty ...,£15.36,In stock
Humor,The Long Haul (Diary ...,£44.07,In stock
Humor,Old School (Diary of ...,£11.83,In stock
Humor,I Know What I'm ...,£25.98,In stock
Humor,Hyperbole and a Half: ...,£14.75,In stock
Humor,Dress Your Family in ...,£43.68,In stock
Humor,Toddlers Are A**holes: It's ...,£25.55,In stock
Humor,When You Are Engulfed ...,£30.89,In stock
Humor,Naked,£31.69,In stock
Humor,Lamb: The Gospel According ...,£55.50,In stock
Humor,Holidays on Ice,£51.07,In stock
Horror,Security,£39.25,In stock
Horror,Follow You Home,£21.36,In stock
Horror,The Loney,£23.40,In stock
Horror,Pet Sematary,£10.56,In stock
Horror,Doctor Sleep (The Shining ...,£40.12,In stock
Horror,Psycho: Sanitarium (Psycho #1.5),£36.97,In stock
Horror,Can You Keep a ...,£48.64,In stock
Horror,Red Dragon (Hannibal Lecter ...,£23.37,In stock
Horror,Dracula the Un-Dead,£35.63,In stock
Horror,Night Shift (Night Shift ...,£12.75,In stock
Horror,Needful Things,£47.51,In stock
Horror,Misery,£34.79,In stock
Horror,It,£25.01,In stock
Horror,'Salem's Lot,£49.56,In stock
Horror,The Stand,£57.86,In stock
Horror,The Girl with All ...,£49.47,In stock
Horror,House of Leaves,£54.89,In stock
History,Sapiens: A Brief History ...,£54.23,In stock
History,Unbound: How Eight Technologies ...,£25.52,In stock
History,The Age of Genius: ...,£19.73,In stock
History,"Political Suicide: Missteps, Peccadilloes, ...",£36.28,In stock
History,Thomas Jefferson and the ...,£59.64,In stock
History,Zealot: The Life and ...,£24.70,In stock
History,A Distant Mirror: The ...,£14.58,In stock
History,1491: New Revelations of ...,£21.80,In stock
History,Brilliant Beacons: A History ...,£11.45,In stock
History,"""Most Blessed of the ...",£44.48,In stock
History,A Short History of ...,£52.40,In stock
History,The Rise and Fall ...,£39.67,In stock
History,Catherine the Great: Portrait ...,£58.55,In stock
History,The Mathews Men: Seven ...,£42.91,In stock
History,The Hiding Place,£55.91,In stock
History,America's War for the ...,£51.22,In stock
History,The Guns of August,£14.54,In stock
History,House of Lost Worlds: ...,£43.70,In stock
Food and Drink,Foolproof Preserving: A Guide ...,£30.52,In stock
Food and Drink,The Pioneer Woman Cooks: ...,£56.41,In stock
Food and Drink,My Paris Kitchen: Recipes ...,£33.37,In stock
Food and Drink,Mama Tried: Traditional Italian ...,£14.02,In stock
Food and Drink,"Layered: Baking, Building, and ...",£40.11,In stock
Food and Drink,The Nerdy Nummies Cookbook: ...,£37.34,In stock
Food and Drink,The Love and Lemons ...,£37.60,In stock
Food and Drink,The Cookies & Cups ...,£41.25,In stock
Food and Drink,Deliciously Ella Every Day: ...,£42.16,In stock
Food and Drink,The Help Yourself Cookbook ...,£28.77,In stock
Food and Drink,"It's All Easy: Healthy, ...",£19.55,In stock
Food and Drink,Barefoot Contessa Back to ...,£28.01,In stock
Food and Drink,Barefoot Contessa at Home: ...,£50.62,In stock
Food and Drink,My Kitchen Year: 136 ...,£11.53,In stock
Food and Drink,Everyday Italian: 125 Simple ...,£20.10,In stock
Food and Drink,A la Mode: 120 ...,£38.77,In stock
Food and Drink,Cravings: Recipes for What ...,£20.50,In stock
Food and Drink,The Moosewood Cookbook: Recipes ...,£12.34,In stock
Food and Drink,32 Yolks,£53.63,In stock
Food and Drink,Naturally Lean: 125 Nourishing ...,£11.38,In stock
Food and Drink,How to Cook Everything ...,£46.01,In stock
Food and Drink,How to Be a ...,£28.25,In stock
Food and Drink,The Barefoot Contessa Cookbook,£59.92,In stock
Food and Drink,Better Homes and Gardens ...,£39.61,In stock
Food and Drink,The Power Greens Cookbook: ...,£11.05,In stock
Food and Drink,Mexican Today: New and ...,£24.91,In stock
Food and Drink,Vegan Vegetarian Omnivore: Dinner ...,£13.66,In stock
Food and Drink,The Smitten Kitchen Cookbook,£23.59,In stock
Food and Drink,The Art of Simple ...,£34.32,In stock
Food and Drink,Hungry Girl Clean & ...,£33.14,In stock
Christian Fiction,Redeeming Love,£20.47,In stock
Christian Fiction,Close to You,£49.46,In stock
Christian Fiction,Shadows of the Past ...,£39.67,In stock
Christian Fiction,Like Never Before (Walker ...,£28.77,In stock
Christian Fiction,Counted With the Stars ...,£17.97,In stock
Christian Fiction,If I Run (If ...,£49.97,In stock
Business,The Dirty Little Secrets ...,£33.34,In stock
Business,The Third Wave: An ...,£12.61,In stock
Business,The 10% Entrepreneur: Live ...,£27.55,In stock
Business,Shoe Dog: A Memoir ...,£23.99,In stock
Business,Made to Stick: Why ...,£38.85,In stock
Business,Quench Your Own Thirst: ...,£43.14,In stock
Business,The Art of Startup ...,£21.00,In stock
Business,Born for This: How ...,£21.59,In stock
Business,The E-Myth Revisited: Why ...,£36.91,In stock
Business,"Rich Dad, Poor Dad",£51.74,In stock
Business,The Lean Startup: How ...,£33.92,In stock
Business,Rework,£44.88,In stock
Biography,Louisa: The Extraordinary Life ...,£16.85,In stock
Biography,Setting the World on ...,£21.15,In stock
Biography,The Faith of Christopher ...,£39.55,In stock
Biography,Benjamin Franklin: An American ...,£48.19,In stock
Biography,The Rise of Theodore ...,£42.57,In stock
Thriller,In Her Wake,£12.84,In stock
Thriller,The Elephant Tree,£23.82,In stock
Thriller,Behind Closed Doors,£52.22,In stock
Thriller,You (You #1),£43.61,In stock
Thriller,The Guilty (Will Robie ...,£13.82,In stock
Thriller,The 14th Colony (Cotton ...,£39.24,In stock
Thriller,Give It Back,£18.32,In stock
Thriller,Killing Floor (Jack Reacher ...,£31.49,In stock
Thriller,The Bone Hunters (Lexy ...,£59.71,In stock
Thriller,Far From True (Promise ...,£34.93,In stock
Thriller,The Travelers,£15.77,In stock
Contemporary,When We Collided,£31.77,In stock
Contemporary,Someone Like You (The ...,£52.79,In stock
Contemporary,We Are All Completely ...,£24.04,In stock
Spirituality,The Four Agreements: A ...,£17.66,In stock
Spirituality,The Activist's Tao Te ...,£32.24,In stock
Spirituality,Chasing Heaven: What Dying ...,£37.80,In stock
Spirituality,If I Gave You ...,£20.91,In stock
Spirituality,Unreasonable Hope: Finding Faith ...,£46.33,In stock
Spirituality,A New Earth: Awakening ...,£55.65,In stock
Academic,Logan Kade (Fallen Crest ...,£13.12,In stock
Self Help,Online Marketing for Busy ...,£46.35,In stock
Self Help,How to Be Miserable: ...,£46.03,In stock
Self Help,"Overload: How to Unplug, ...",£52.15,In stock
Self Help,You Are a Badass: ...,£12.08,In stock
Self Help,How to Stop Worrying ...,£46.49,In stock
Historical,All the Light We ...,£29.87,In stock
Historical,The Girl You Left ...,£15.79,In stock
Christian,(Un)Qualified: How God Uses ...,£54.00,In stock
Christian,Crazy Love: Overwhelmed by ...,£47.72,In stock
Christian,Blue Like Jazz: Nonreligious ...,£25.77,In stock
Suspense,Silence in the Dark ...,£58.33,In stock
Short Stories,The Grownup,£35.88,In stock
Novels,Suzie Snowflake: One beautiful ...,£54.81,In stock
Health,The Bulletproof Diet: Lose ...,£49.05,In stock
Health,"Eat Fat, Get Thin",£54.07,In stock
Health,10-Day Green Smoothie Cleanse: ...,£49.71,In stock
Health,The Art and Science ...,£52.98,In stock
Politics,Libertarianism for Beginners,£51.33,In stock
Politics,Why the Right Went ...,£52.65,In stock
Politics,Equal Is Unfair: America's ...,£56.86,In stock
Cultural,Amid the Chaos,£36.58,In stock
Erotica,Dark Notes,£19.19,In stock
Crime,The Long Shadow of ...,£10.97,In stock
